frequency_rank,headword,definition,part_of_speech,semantic_group
1,et,and,Conjunction,Conjunctions/Adverbs
2,sum esse fuī futūrum,"be, exist; fut. infin. often = fore, impf. subj. often = forem for essem",Verb: Irregular,Life and Being
3,quī quae quod,"who, which, what",Pronoun,Pronouns/Interrogatives
4,que,and (postpositive enclitic),Conjunction,Conjunctions/Adverbs
5,in,"in, on (+ abl.); into, onto (+ acc)",Preposition,Place
6,nōn,not,Adverb,Conjunctions/Adverbs
7,hic haec hoc,"this, these",Pronoun,Pronouns/Interrogatives
8,ille illa illud,that,Pronoun,Pronouns/Interrogatives
9,tū tuī tibi tē,you (sing.),Pronoun,Pronouns/Interrogatives
10,cum,"with (prep. + abl.); when, since, although (conjunction + subj.)",Preposition,Conjunctions/Adverbs
11,ego meī mihi mē,"I, me",Pronoun,Pronouns/Interrogatives
13,is ea id,"he, she, it",Pronoun,Pronouns/Interrogatives
14,ad,"to, up to, towards (+acc.)",Preposition,Place
15,"ut, utī","as (+ indic.); so that, with the result that (+ subj.); (in questions) in what manner, how; (exclam.) to what an extent! how!",Adverb,Conjunctions/Adverbs
16,sī,if,Conjunction,Conjunctions/Adverbs
17,sui sibi sē/sēsē,"him- her- itself, themselves",Pronoun,Pronouns/Interrogatives
18,omnis -e,"all, every, as a whole",Adjective: 3rd Declension,Measurement
19,nec,"and not, nor; nec ... nec, neither ... nor; → neque",Conjunction,Conjunctions/Adverbs
20,sed,but,Conjunction,Conjunctions/Adverbs
21,ā ab abs,"from, by (+abl.)",Preposition,Place
22,ipse ipsa ipsum,him- her- itself,Pronoun,Pronouns/Interrogatives
23,possum posse potuī,be able,Verb: Irregular,Making/Doing
24,aut,or,Conjunction,Conjunctions/Adverbs
25,māgnus -a -um,great,Adjective: 1st and 2nd Declension,Measurement
26,"ex, ē","out of, from (+ abl.)",Preposition,Place
27,suus -a -um,"his own, her own, its own",Adjective: 1st and 2nd Declension,Pronouns/Interrogatives
28,dō dare dedī datum,give,Verb: 1st Conjugation,Social Life
29,quam,how?; (after comparative) than,Adverb,Pronouns/Interrogatives
30,per,through (+acc.),Preposition,Place
31,videō vidēre vīdī vīsum,see,Verb: 2nd Conjugation,Vision
32,faciō facere fēcī factum,"do, make",Verb: 3rd Conjugation -iō,Making/Doing
33,dīcō dīcere dīxī dictum,"say; causam dīcere, plead a case; diem dīcere, appoint a day",Verb: 3rd Conjugation -ō,Speech/Oratory
34,iam,now; already,Adverb,Time
35,atque,"and in addition, and also, and; (after comparatives) than; simul atque, as soon as; → ac",Conjunction,Conjunctions/Adverbs
36,ac,"and in addition, and also, and; (after comparatives) than; simul ac, as soon as; → atque",Conjunction,Conjunctions/Adverbs
37,alius -a -ud,"other, another; ālias: at another time",Adjective: 1st and 2nd Declension,Pronouns/Interrogatives
38,rēs reī f.,"thing (rēs pūblica, commonwealth; rēs familiāris, family property, estate; rēs mīlitāris, art of war; rēs novae, revolution)",Noun: 5th Declension,Life and Being
39,habeō habēre habuī habitum,"have, hold",Verb: 2nd Conjugation,Other Senses
40,animus -ī m.,"spirit, mind",Noun: 2nd Declension,Life and Being
41,meus -a -um,my,Pronoun,Pronouns/Interrogatives
42,deus -ī m.; dea -ae f.,god; goddess,Noun: 2nd Declension,Religion
43,multus -a -um,"much, many; multō, by far",Adjective: 1st and 2nd Declension,Measurement
44,tuus -a -um,your,Adjective: 1st and 2nd Declension,Pronouns/Interrogatives
45,ferō ferre tulī lātum,"bear, carry, endure",Verb: Irregular,Verbs of Transport
46,dē,"down from, about, concerning (+ abl.)",Preposition,Place
47,nē,"lest, that not",Conjunction,Conjunctions/Adverbs
48,manus -ūs f.,hand; band of men,Noun: 4th Declension,The Body
49,nūllus -a -um,"not any, no one",Adjective: 1st and 2nd Declension,Pronouns/Interrogatives
50,nunc,now,Adverb,Time
51,nōs nostrum/nostrī nōbīs nōs,we,Pronoun,Pronouns/Interrogatives
52,noster nostra nostrum,our,Pronoun,Pronouns/Interrogatives
53,ūnus -a -um,one,Adjective: 1st and 2nd Declension,Measurement
54,diēs diēī m./f.,day,Noun: 5th Declension,Lengths of Time
55,"nihil, nīl",nothing; not at all,Noun: Indeclinable,Measurement
56,tum or tunc,then,Adverb,Time
57,enim,"for, indeed",Conjunction,Pronouns/Interrogatives
58,tamen,"nevertheless, still",Conjunction,Conjunctions/Adverbs
59,īdem eadem idem,the same,Pronoun,Pronouns/Interrogatives
60,rēx rēgis m.,king,Noun: 3rd Declension,The City
61,nam or namque,"for, indeed, really",Conjunction,Conjunctions/Adverbs
62,locus -ī m.,place; loca (n. pl.) region,Noun: 2nd Declension,Geography
63,veniō venīre vēnī ventum,come,Verb: 4th Conjugation,Motion
64,inter,"between, among; during (+ acc.)",Preposition,Place
65,pars partis f.,part,Noun: 3rd Declension,Measurement
66,volō velle voluī,"wish, be willing",Verb: Irregular,Emotions
67,etiam,"also, even",Adverb,Conjunctions/Adverbs
68,bonus -a -um,good,Adjective: 1st and 2nd Declension,Personality Traits/Characteristics
69,agō agere ēgī āctum,"drive, do, act",Verb: 3rd Conjugation -ō,Verbs of Compelling/Directing
70,terra -ae f.,land,Noun: 1st Declension,Earth and Water
71,pater patris m.,"father, ancestor",Noun: 3rd Declension,The Household
72,neque,"and not, nor; neque ... neque, neither ... nor; → nec",Conjunction,Conjunctions/Adverbs
73,domus -ūs f.,"house, home",Noun: 4th Declension,The House
74,at,"but, but yet",Conjunction,Conjunctions/Adverbs
75,corpus corporis n.,body,Noun: 3rd Declension,The Body
76,quoque,"also, too",Conjunction,Conjunctions/Adverbs
77,aliquis -quae -quod,"some, any; si quis, si quid: anyone who, anything that",Pronoun,Pronouns/Interrogatives
78,tōtus -a -um,"whole, entire",Adjective: 1st and 2nd Declension,Measurement
79,sīc,"in this manner, thus; sīc ... ut: in the same way as",Adverb,Conjunctions/Adverbs
80,hīc,here; hinc: from here,Adverb,Place
81,iste ista istud,"that, that of yours; adv. istīc or istūc: over there; istinc: from over there",Pronoun,Pronouns/Interrogatives
82,urbs urbis f.,city,Noun: 3rd Declension,The City
83,petō petere petīvī petītum,"seek, aim at",Verb: 3rd Conjugation -ō,Motion
84,iubeō iubēre iussī iussum,"bid, order",Verb: 2nd Conjugation,Justice
85,vir virī m.,man,Noun: 2nd Declension,People
86,bellum -ī n.,war,Noun: 2nd Declension,War and Peace
87,vīta -ae f.,life,Noun: 1st Declension,Life and Being
88,homō hominis m.,human being,Noun: 3rd Declension,People
89,tempus -oris n.,time,Noun: 3rd Declension,Time
90,magis,more,Adverb,Conjunctions/Adverbs
91,prīmus -a -um,first,Adjective: 1st and 2nd Declension,Time
92,ubi,"where, when",Adverb,Place
93,hostis -is m./f.,"stranger, enemy",Noun: 3rd Declension,War and Peace
94,an,or (in questions); utrum ... an: whether ... or,Conjunction,Conjunctions/Adverbs
95,mors mortis f.,death,Noun: 3rd Declension,Life and Being
96,tam,"so, so much",Adverb,Conjunctions/Adverbs
97,eō īre iī/īvī itum,go,Verb: Irregular,Motion
98,arma -ōrum n. pl.,"arms, weapons",Noun: 2nd Declension,War and Peace
99,superus -a -um,"situated above, upper",Adjective: 1st and 2nd Declension,Religion
100,"nisi, nī","if not, unless",Conjunction,Conjunctions/Adverbs
101,vincō vincere vīcī victum,conquer,Verb: 3rd Conjugation -ō,War and Peace
102,pōnō pōnere posuī positum,"put, place; put aside",Verb: 3rd Conjugation -ō,Verbs of Transport
103,dum,while (+ indic.); until (+ subj.); provided that (+ subj.),Conjunction,Time
104,sine,without (+ abl.),Preposition,Non-Directional Prepositions
105,tantus -a -um,"so great, so much; (as pronoun) such a quantity, so much; tantī, at such a price, of such worth",Adjective: 1st and 2nd Declension,Measurement
106,teneō -ēre -uī tentum,"hold, keep",Verb: 2nd Conjugation,Other Senses
107,causa -ae f.,"cause, reason; causā + preceding genitive, for the sake of",Noun: 1st Declension,Speech/Oratory
108,sequor sequī secūtus sum,follow,Verb: Deponent,Motion
109,crēdō crēdere crēdidī crēditum,believe,Verb: 3rd Conjugation -ō,Education/Knowledge
110,accipiō -cipere -cēpī -ceptum,receive,Verb: 3rd Conjugation -iō,Social Life
111,virtūs -ūtis f.,"valor, manliness, virtue",Noun: 3rd Declension,Personality Traits/Characteristics
112,ante,"before, in front of (adv. and prep. + acc.)",Preposition,Time
113,quaerō -rere -sīvī -sītum,"seek, inquire",Verb: 3rd Conjugation -ō,Education/Knowledge
114,mittō mittere mīsī missum,"send, let go",Verb: 3rd Conjugation -ō,Verbs of Compelling/Directing
115,vīs f.,"force; (acc.) vim, (abl.) vī; (pl.) vīrēs, strength",Noun: 3rd Declension,War and Peace
116,amor -ōris m.,love,Noun: 3rd Declension,Love
117,caelum -ī n.,"sky, heavens",Noun: 2nd Declension,Air and Fire
118,sub,"under, close to (+acc. or abl.)",Preposition,Place
119,nox noctis f.,night,Noun: 3rd Declension,Lengths of Time
120,ita,"thus, so",Adverb,Conjunctions/Adverbs
121,rēgnum -ī n.,"kingship, kingdom",Noun: 2nd Declension,Geography
122,populus -ī m.,people,Noun: 2nd Declension,The City
123,autem,"moreover, but, however",Conjunction,Conjunctions/Adverbs
124,caput capitis n.,head,Noun: 3rd Declension,The Body
125,mare -is n.,sea,Noun: 3rd Declension,Earth and Water
126,quīdam quaedam quoddam,"a certain one, someone",Pronoun,Pronouns/Interrogatives
127,māter mātris f.,mother,Noun: 3rd Declension,The Household
128,prō,"for, on behalf of, in proportion to (+abl.)",Preposition,Non-Directional Prepositions
129,quisquis quidquid,"whoever, whichever",Pronoun,Pronouns/Interrogatives
130,vōs,"you (pl.); (gen.) vestrum/vestrī, (dat./abl.) vōbīs, (acc.) vōs",Adjective: 1st and 2nd Declension,Pronouns/Interrogatives
131,capiō capere cēpī captum,seize,Verb: 3rd Conjugation -iō,War and Peace
132,quia,because,Conjunction,Conjunctions/Adverbs
133,dūcō dūcere dūxī ductum,"lead; uxōrem dūcere, marry",Verb: 3rd Conjugation -ō,Verbs of Compelling/Directing
134,ergō,therefore,Conjunction,Conjunctions/Adverbs
135,nōmen -inis n.,name,Noun: 3rd Declension,Social Life
136,quidem,"certainly, at least",Adverb,Conjunctions/Adverbs
137,miser misera miserum,"wretched, pitiable",Adjective: 1st and 2nd Declension,Emotions
138,fortūna -ae f.,fortune,Noun: 1st Declension,Religion
139,novus -a -um,new,Adjective: 1st and 2nd Declension,Time
140,gravis -e,"heavy, serious",Adjective: 3rd Declension,Measurement
141,vel,"or else, or; even; vel ... vel: either … or",Conjunction,Conjunctions/Adverbs
142,longus -a -um,"long, far",Adjective: 1st and 2nd Declension,Measurement
143,parvus -a -um,small,Adjective: 1st and 2nd Declension,Measurement
144,relinquō -linquere -līquī -lictum,abandon,Verb: 3rd Conjugation -ō,Motion
145,saepe,often,Adverb,Time
146,fīō fierī factus sum,"become, happen, be done",Verb: Irregular,Life and Being
147,ōs ōris n.,"mouth, face",Noun: 3rd Declension,The Body
148,alter altera alterum,other of two,Adjective: 1st and 2nd Declension,Measurement
149,semper,"always, ever",Adverb,Time
150,deinde/dein,"then, next",Adverb,Time
151,ignis -is m.,fire,Noun: 3rd Declension,Air and Fire
152,modo,"just, just now; modo ... modo: now ... now, at one moment ... at another, sometimes ... sometimes",Adverb,Time
153,timeō -ēre -uī,"to fear, to dread",Verb: 2nd Conjugation,Emotions
154,scelus -eris n.,"crime, sin",Noun: 3rd Declension,Justice
155,dēbeō dēbēre dēbuī dēbitum,"owe, be obliged",Verb: 2nd Conjugation,Business/Money
156,vīvō vīvere vīxī vīctum,live,Verb: 3rd Conjugation -ō,Life and Being
157,fātum -ī n.,fate; death,Noun: 2nd Declension,Religion
158,vocō -āre,call,Verb: 1st Conjugation,Speech/Oratory
159,altus -a -um,"high, lofty; deep",Adjective: 1st and 2nd Declension,Geography
160,parō -āre,"prepare, acquire; parātus -a -um, ready",Verb: 1st Conjugation,Making/Doing
161,mīles -itis m.,soldier,Noun: 3rd Declension,War and Peace
162,medius -a -um,"middle, central",Adjective: 1st and 2nd Declension,Place
163,"inquam, inquis, inquit, inquiunt:",say (used with direct speech),Verb: Irregular,Speech/Oratory
164,post,after (adv. and prep. +acc.),Preposition,Time
165,audiō -īre -īvī/-iī -ītum,"hear, listen to",Verb: 4th Conjugation,Other Senses
166,putō -āre,"think, suppose",Verb: 1st Conjugation,Education/Knowledge
167,annus -ī m.,year,Noun: 2nd Declension,Lengths of Time
168,stō stāre stetī statum,stand,Verb: 1st Conjugation,Life and Being
169,vōx vōcis f.,"voice, utterance",Noun: 3rd Declension,Speech/Oratory
170,genus generis n.,"origin, lineage, kind",Noun: 3rd Declension,The Household
171,referō referre rettulī relātum,bring back; report,Verb: Irregular,Verbs of Transport
172,sciō -īre -īvī/-iī -ītum,know,Verb: 4th Conjugation,Education/Knowledge
173,mēns mentis f.,mind,Noun: 3rd Declension,The Body
174,reddō -dere -didī -ditum,"return, give back",Verb: 3rd Conjugation -ō,Verbs of Transport
175,licet licēre licuit licitum est,it is permitted (+ dat. + infin.),Verb: Impersonal,Justice
176,sōlus -a -um,"only, alone",Adjective: 1st and 2nd Declension,Measurement
177,fugiō fugere fūgī fugitum,"flee, escape",Verb: 3rd Conjugation -iō,Travel
178,ūllus -a -um,"any, anyone",Adjective: 1st and 2nd Declension,Pronouns/Interrogatives
179,nēmō,"no one (gen. nūllīus, dat. nūllī, abl. nūllō or nūllā → nūllus -a -um)",Pronoun,Pronouns/Interrogatives
180,nātūra -ae f.,nature,Noun: 1st Declension,Life and Being
181,mōs mōris m.,"custom, habit; (pl.) character",Noun: 3rd Declension,Social Life
182,beneficium -ī n.,"service, kindness",Noun: 2nd Declension,Social Life
183,pectus -oris n.,"chest, breast",Noun: 3rd Declension,The Body
184,fidēs -eī f.,"trust, faith",Noun: 5th Declension,Personality Traits/Characteristics
185,patior patī passus sum,"permit, endure",Verb: Deponent,Verbs of Compelling/Directing
186,cūra -ae f.,"care, concern",Noun: 1st Declension,Love
187,īra irae f.,"wrath, anger",Noun: 1st Declension,Emotions
188,verbum -ī n.,word,Noun: 2nd Declension,Writing/Poetry
189,prope,"near, next; (comp.) propior, (superl.) proximus; (adv.) prope, nearly, almost",Preposition,Place
190,parēns -ntis m./f.,parent,Noun: 3rd Declension,The Household
191,puer puerī m.,boy; slave,Noun: 2nd Declension,People
192,moveō -ēre mōvī mōtum,move,Verb: 2nd Conjugation,Motion
193,dolor -ōris m.,"pain, grief",Noun: 3rd Declension,Emotions
194,gēns gentis f.,"family, clan",Noun: 3rd Declension,The Household
195,modus -ī m.,"measure, manner, kind",Noun: 2nd Declension,Measurement
196,via -ae f.,"way, street",Noun: 1st Declension,Travel
197,quisque quaeque quidque,"each one, everyone",Pronoun,Pronouns/Interrogatives
198,amīcus -a -um,friendly; (as subst.) friend,Adjective: 1st and 2nd Declension,Personality Traits/Characteristics
199,pēs pedis m.,foot,Noun: 3rd Declension,The Body
200,imperium -ī n.,"command, power",Noun: 2nd Declension,War and Peace
201,labor -ōris m.,"toil, exertion",Noun: 3rd Declension,Business/Money
202,ingēns ingentis,"huge, enormous",Adjective: 3rd Declension,Measurement
203,tālis tāle,such,Adjective: 3rd Declension,Measurement
204,parum,too little,Adverb,Measurement
205,apud,"near, in the presence of (+acc.)",Preposition,Place
206,oculus -ī m.,eye,Noun: 2nd Declension,The Body
207,unda -ae f.,"wave, flowing water, water",Noun: 1st Declension,Earth and Water
208,itaque,"and so, therefore",Conjunction,Conjunctions/Adverbs
209,vultus -ūs m.,"look, expression, face",Noun: 4th Declension,The Body
210,cadō cadere cecidī cāsum,"fall, be killed",Verb: 3rd Conjugation -ō,Violence
211,nātus -ī m.,son,Noun: 2nd Declension,The Household
212,quis quid,who? what? which?,Pronoun,Pronouns/Interrogatives
213,trahō trahere trāxī trāctum,"drag, draw",Verb: 3rd Conjugation -ō,Verbs of Compelling/Directing
214,sanguis -inis m.,blood,Noun: 3rd Declension,The Body
215,metus -ūs m.,"fear, dread",Noun: 4th Declension,Emotions
216,"tantum, tantummodo",only,Adverb,Measurement
217,cōnsilium -ī n.,"plan; council, group of advisors",Noun: 2nd Declension,The City
218,coniunx coniugis m./f.,"spouse, husband, wife",Noun: 3rd Declension,The Household
219,amō -āre,to love; amāns -ntis m./f.: lover,Verb: 1st Conjugation,Love
220,levis -e,"light, trivial",Adjective: 3rd Declension,Measurement
221,duo duae duo,two,Adjective: Numeral,Measurement
222,ferus -a -um,"wild, fierce; fera -ae f.: wild animal",Adjective: 1st and 2nd Declension,Animals/Plants
223,poena -ae f.,"penalty, punishment",Noun: 1st Declension,Justice
224,castrum -ī n.,"fortress, (regularly plural, castra camp)",Noun: 2nd Declension,War and Peace
225,frāter frātris m.,brother,Noun: 3rd Declension,The Household
226,haud,not,Adverb,Conjunctions/Adverbs
227,malus -a -um,"bad, evil",Adjective: 1st and 2nd Declension,Personality Traits/Characteristics
228,iaceō iacēre iacuī,lie,Verb: 2nd Conjugation,The House
229,līber lībera līberum,free; līberī (m. pl.): freeborn children,Adjective: 1st and 2nd Declension,Justice
230,iter itineris n.,"journey, route",Noun: 3rd Declension,Travel
231,ferrum -ī n.,"iron, iron weapon or implement",Noun: 2nd Declension,Violence
232,spēs speī f.,hope,Noun: 5th Declension,Emotions
233,puella -ae f.,girl; girl-friend,Noun: 1st Declension,People
234,silva -ae f.,"forest, grove",Noun: 1st Declension,Animals/Plants
235,bene,well,Adverb,Personality Traits/Characteristics
236,fīnis -is m.,"end, boundary",Noun: 3rd Declension,Geography
237,gerō gerere gessī gestum,"bear, manage; bellum gerere, wage war",Verb: 3rd Conjugation -ō,War and Peace
238,ne (enclitic),interrogative particle attached to the emphatic word in a question,Adverb,Pronouns/Interrogatives
239,dux ducis m./f.,"leader, general",Noun: 3rd Declension,War and Peace
240,premō premere pressī pressum,"press, pursue, overwhelm",Verb: 3rd Conjugation -ō,War and Peace
241,dominus -ī m.; domina -ae f.,"household master, lord; mistress",Noun: 2nd Declension,The Household
242,mōns montis m.,mountain,Noun: 3rd Declension,Geography
243,uterque utraque utrumque,each of two,Conjunction,Measurement
244,saevus -a -um,"fierce, raging, wrathful",Adjective: 1st and 2nd Declension,Personality Traits/Characteristics
245,lītus -oris n.,shore,Noun: 3rd Declension,Geography
246,soleō -ēre -uī -itum,be accustomed,Verb: 2nd Conjugation,Personality Traits/Characteristics
247,mīlle (pl.) mīlia,thousand,Adjective: Numeral,Measurement
248,equus -ī m.,horse,Noun: 2nd Declension,Animals/Plants
249,dūrus -a -um,"hard, tough, harsh",Adjective: 1st and 2nd Declension,Other Senses
250,cōgō cōgere coēgī coāctum,drive together; compel,Verb: 3rd Conjugation -ō,Verbs of Compelling/Directing
251,numquam,never,Adverb,Time
252,prīmum,"at first, firstly",Adverb,Time
253,morior morī mortuus sum,die,Verb: Deponent,Life and Being
254,carmen -inis n.,song,Noun: 3rd Declension,Writing/Poetry
255,tēlum -ī n.,"missile, weapon, spear",Noun: 2nd Declension,War and Peace
256,ratiō -ōnis f.,"method, plan, reason",Noun: 3rd Declension,Education/Knowledge
257,umbra -ae f.,"shade, shadow",Noun: 1st Declension,Vision
258,ars artis f.,skill,Noun: 3rd Declension,Education/Knowledge
259,tot,so many,Adverb,Measurement
260,dexter -tra -trum,right; dextera -ae f.: right hand,Adjective: 1st and 2nd Declension,Place
261,sīgnum -ī n.,"sign, standard, mark",Noun: 2nd Declension,War and Peace
262,laetus -a -um,"glad, joyful",Adjective: 1st and 2nd Declension,Emotions
263,quālis -e,of what kind? what?,Pronoun,Pronouns/Interrogatives
264,lēx lēgis f.,law,Noun: 3rd Declension,Justice
265,perīculum -ī n.,danger,Noun: 2nd Declension,Violence
266,nāscor nāscī nātus sum,be born,Verb: Deponent,Life and Being
267,exercitus -ūs m.,army,Noun: 4th Declension,War and Peace
268,pereō -īre -iī -itum,"perish, be lost",Verb: Irregular,Violence
269,ventus -ī m.,wind,Noun: 2nd Declension,Air and Fire
270,audeō audēre ausus sum,"dare, be eager",Verb: 2nd Conjugation,Personality Traits/Characteristics
271,contrā,"against, opposite (adv. and prep. +acc.)",Preposition,Place
272,aqua -ae f.,water,Noun: 1st Declension,Earth and Water
273,rapiō rapere rapuī raptum,"seize, tear away",Verb: 3rd Conjugation -iō,Violence
274,simul,at the same time,Adverb,Time
275,trīstis -e,"sad, solemn, grim",Adjective: 3rd Declension,Emotions
276,mūnus mūneris n.,"gift, offering; duty, obligation; (pl.) gladiatorial show",Noun: 3rd Declension,Social Life
277,iuvenis -is m.,youth,Noun: 3rd Declension,People
278,fāma -ae f.,"rumor, fame",Noun: 1st Declension,Speech/Oratory
279,adsum adesse affuī,be present,Verb: Irregular,Place
280,quisquam quicquam/quidquam,"any (single) person, anyone at all",Pronoun,Pronouns/Interrogatives
280,vērō,"in fact, certainly, without doubt",Adverb,Conjunctions/Adverbs
281,pār paris,equal,Adjective: 3rd Declension,Measurement
282,vester vestra vestrum,your,Adjective: 1st and 2nd Declension,Pronouns/Interrogatives
283,flūmen -inis n.,"stream, river",Noun: 3rd Declension,Earth and Water
284,quīcumque quaecumque quodcumque,"who-, whatever",Pronoun,Pronouns/Interrogatives
285,certus -a -um,"sure, fixed",Adjective: 1st and 2nd Declension,Measurement
286,fortis -e,brave,Adjective: 3rd Declension,Personality Traits/Characteristics
287,placeō placēre placuī placitum,please,Verb: 2nd Conjugation,Social Life
288,vertō vertere vertī versum,turn,Verb: 3rd Conjugation -ō,Motion
289,servō -āre,"save, watch over",Verb: 1st Conjugation,The Household
290,honor -ōris m.,"honor, glory; office, post",Noun: 3rd Declension,The City
291,dīgnus -a -um,worthy,Adjective: 1st and 2nd Declension,Personality Traits/Characteristics
292,cūnctus -a -um,entire all together,Adjective: 1st and 2nd Declension,Measurement
293,tollō tollere sustulī sublātum,"raise up, destroy",Verb: Irregular,Violence
294,negō -āre,"deny, refuse",Verb: 1st Conjugation,Speech/Oratory
295,vetus veteris,old,Adjective: 3rd Declension,Time
296,eques equitis m.,"horseman, knight",Noun: 3rd Declension,War and Peace
297,trādō -dere -didī -ditum,"hand over, yield",Verb: 3rd Conjugation -ō,Business/Money
298,flamma -ae f.,"flame, fire",Noun: 1st Declension,Air and Fire
299,lūx lūcis f.,light of day,Noun: 3rd Declension,Air and Fire
300,unde,from where,Adverb,Place
301,redeō -īre -iī -itum,"go back, return",Verb: Irregular,Motion
302,sentiō sentīre sēnsī sēnsum,"perceive, feel, hear, see",Verb: 4th Conjugation,Other Senses
303,aurum -ī n.,gold,Noun: 2nd Declension,Business/Money
304,cēdō cēdere cessī cessum,"go, move; yield",Verb: 3rd Conjugation -ō,War and Peace
305,quō,"for which reason; to or in what place; to what end, for what purpose?",Adverb,Pronouns/Interrogatives
306,saxum -ī n.,"rock, cliff, crag",Noun: 2nd Declension,Earth and Water
307,ve,or (postpositive enclitic),Conjunction,Conjunctions/Adverbs
308,aetās -tātis f.,"age, time of life",Noun: 3rd Declension,Lengths of Time
309,fēlīx -īcis,lucky,Adjective: 3rd Declension,Personality Traits/Characteristics
310,loquor loquī locūtus sum,"speak, talk",Verb: Deponent,Speech/Oratory
311,quantus -a -um,"(interr.) how great? (rel.) of what size, amount, etc. (as subst.) what amount? (rel.) which amount; quantī, at what price? (rel.) at which price",Pronoun,Pronouns/Interrogatives
312,coepī coepisse coeptus,begin,Verb: Irregular,Time
313,igitur,therefore,Conjunction,Conjunctions/Adverbs
314,iūs iūris n.,"right, justice, law",Noun: 3rd Declension,Justice
315,mūtō -āre,change,Verb: 1st Conjugation,Making/Doing
316,inveniō -venīre -vēnī -ventum,find; discover,Verb: 4th Conjugation,Travel
317,prīnceps -cipis,"first, chief; (as subst.) leader, person in charge",Adjective: 3rd Declension,The City
318,ops opis f.,"assistance, resources",Noun: 3rd Declension,Business/Money
319,recipiō -cipere -cēpī -ceptum,"take back, receive; sē recipere, betake oneself, go",Verb: 3rd Conjugation -iō,Verbs of Transport
320,sōl sōlis m.,sun,Noun: 3rd Declension,Air and Fire
321,cōnsul -ulis m.,consul,Noun: 3rd Declension,The City
322,orbis -is m.,circle; orbis terrārum: world,Noun: 3rd Declension,Geography
323,turba -ae f.,"crowd, uproar",Noun: 1st Declension,The City
324,ager agrī m.,field,Noun: 2nd Declension,Animals/Plants
325,solvō solvere solvī solūtum,"release, set sail",Verb: 3rd Conjugation -ō,Travel
326,vitium -ī n.,"flaw, fault, crime",Noun: 2nd Declension,Justice
327,vulnus -eris n.,wound,Noun: 3rd Declension,Violence
328,inde,"from there, from then",Adverb,Place
329,senātus -ūs m.,senate,Noun: 4th Declension,The City
330,ūtor ūtī ūsus sum,"use, consume, employ (+ abl.)",Verb: Deponent,Making/Doing
331,cōpia -ae f.,abundance; (pl.) troops,Noun: 1st Declension,War and Peace
332,opus operis n.,work,Noun: 3rd Declension,Business/Money
333,colō colere coluī cultum,"inhabit, cultivate",Verb: 3rd Conjugation -ō,Animals/Plants
334,vōtum -ī n.,"solemn promise, vow; hope",Noun: 2nd Declension,Religion
335,iugum -ī n.,"yoke; ridge, chain of hills",Noun: 2nd Declension,Animals/Plants
336,quā,"where, how",Pronoun,Pronouns/Interrogatives
337,tellus tellūris f.,earth,Noun: 3rd Declension,Earth and Water
338,numerus -ī m.,"number, amount",Noun: 2nd Declension,Measurement
339,cōgnōscō -gnōscere -gnōvī -gnitum,"learn, understand",Verb: 3rd Conjugation -ō,Education/Knowledge
340,victor -ōris m.,conqueror,Noun: 3rd Declension,War and Peace
341,"satis, sat","enough, sufficient, sufficiently",Adverb,Measurement
342,patria -ae f.,"fatherland, country",Noun: 1st Declension,Geography
343,seu,whether; seu ... seu: whether ... or → sīve,Conjunction,Conjunctions/Adverbs
344,cāsus -ūs m.,"a fall; chance, accident",Noun: 4th Declension,Violence
345,frangō frangere frēgī frāctum,"break, shatter",Verb: 3rd Conjugation -ō,Violence
346,cīvitās -ātis f.,"citizenship, state",Noun: 3rd Declension,The City
347,nōscō nōscere nōvī nōtum,"learn, know",Verb: 3rd Conjugation -ō,Education/Knowledge
348,proelium -ī n.,battle,Noun: 2nd Declension,War and Peace
349,ēripiō -ripere -ripuī -reptum,"snatch away, rescue, save",Verb: 3rd Conjugation -iō,Verbs of Transport
350,mundus -ī m.,"world, universe, heavens",Noun: 2nd Declension,Earth and Water
351,cursus -ūs m.,"course, advance",Noun: 4th Declension,Athletics
352,vix,scarcely,Adverb,Conjunctions/Adverbs
353,nāvis -is f.,ship,Noun: 3rd Declension,Travel
354,lacrima -ae f.,tear,Noun: 1st Declension,Emotions
355,hūmānus -a -um,human,Adjective: 1st and 2nd Declension,People
356,mollis -e,"soft, yielding, gentle",Adjective: 3rd Declension,Other Senses
357,maneō manēre mānsī mānsum,remain,Verb: 2nd Conjugation,Travel
358,āgmen -minis n.,line of march,Noun: 3rd Declension,War and Peace
359,sīdus -eris n.,"star, constellation",Noun: 3rd Declension,Air and Fire
360,glōria -ae f.,"glory, fame",Noun: 1st Declension,Social Life
361,diū:,for a long time,Adverb,Time
362,sīve,whether; sīve ... sīve: whether ... or → seu,Conjunction,Conjunctions/Adverbs
363,tamquam,"so as, just as",Adverb,Conjunctions/Adverbs
364,fuga -ae f.,"flight, route",Noun: 1st Declension,Travel
365,tūtus -a -um,"safe, protected",Adjective: 1st and 2nd Declension,War and Peace
366,auris -is f.,ear,Noun: 3rd Declension,The Body
367,aliēnus -a -um,"foreign, strange",Adjective: 1st and 2nd Declension,Geography
368,hūc,to this place,Adverb,Place
369,taceō -ēre -uī -itum,"be silent; tacitus -a -um, silent",Verb: 2nd Conjugation,Other Senses
370,legiō -ōnis f.,legion,Noun: 3rd Declension,War and Peace
371,ostendō ostendere ostendī ostentum,"show, hold out",Verb: 3rd Conjugation -ō,Other Senses
372,socius -a -um,"friendly, allied; socius -ī m.: partner, comrade",Adjective: 1st and 2nd Declension,Social Life
373,prōsum prodesse profuī,"be of use, do good, help (+ dat.)",Verb: Irregular,Social Life
374,āra -ae f.,altar,Noun: 1st Declension,Religion
375,lūmen luminis n.,light,Noun: 3rd Declension,Vision
376,tegō tegere tēxī tēctum,"cover, conceal",Verb: 3rd Conjugation -ō,Deception
377,turpis -e,"ugly, unsightly; disgraceful",Adjective: 3rd Declension,Other Senses
378,voluptās -ātis f.,"pleasure, enjoyment",Noun: 3rd Declension,Social Life
379,adhūc,"thus far, to this point",Adverb,Place
380,grātia -ae f.,"favor, influence, gratitude",Noun: 1st Declension,Social Life
381,iniūria -ae f.:,"injustice, wrong, affront",Noun: 1st Declension,Justice
382,latus -eris n.,"side, flank",Noun: 3rd Declension,The Body
383,dulcis -e,sweet,Adjective: 3rd Declension,Other Senses
384,postquam,after,Conjunction,Time
385,extrēmus -a -um,"farthest, situated at the end or tip, extreme",Adjective: 1st and 2nd Declension,Geography
386,tēctum -ī n.,"roof; building, house",Noun: 2nd Declension,The House
387,ingenium -ī n.,"disposition, ability, talent",Noun: 2nd Declension,Education/Knowledge
388,pāx pācis f.,peace,Noun: 3rd Declension,War and Peace
389,canō canere cecinī cantum,sing,Verb: 3rd Conjugation -ō,Writing/Poetry
390,iuvō iuvāre iūvī iūtum,"help, assist; please, delight",Verb: 1st Conjugation,Social Life
391,campus -ī m.,"plain, field",Noun: 2nd Declension,Earth and Water
392,claudō claudere clausī clausum,"close, shut",Verb: 3rd Conjugation -ō,The House
393,doceō -ēre -uī doctum,teach,Verb: 2nd Conjugation,Education/Knowledge
394,excipiō -cipere -cēpī -ceptum,take out,Verb: 3rd Conjugation -iō,Verbs of Transport
395,clārus -a -um,"clear, distinguished",Adjective: 1st and 2nd Declension,Personality Traits/Characteristics
396,illīc,"at that place, there; illinc: from that place",Adverb,Place
397,procul,at a distance,Adverb,Place
398,sacer sacra sacrum,"holy, sacred",Adjective: 1st and 2nd Declension,Religion
399,mora -ae f.,"delay, hindrance",Noun: 1st Declension,Time
400,longē,"far, far off",Adverb,Measurement
401,super,over (adv. and prep. +acc.),Adverb,Place
402,errō -āre,"go astray, wander",Verb: 1st Conjugation,Travel
403,sēdēs -is f.,"seat, abode, habitation",Noun: 3rd Declension,The House
404,cūr,why?,Adverb,Pronouns/Interrogatives
405,coma -ae f.,"hair, tresses",Noun: 1st Declension,The Body
406,aiō,"say, affirm, say yes; ut āiunt: as they say",Verb: Irregular,Speech/Oratory
407,gaudeō gaudēre gāvīsus sum,rejoice,Verb: 2nd Conjugation,Emotions
408,beātus -a -um,"happy, blessed, prosperous, fortunate",Adjective: 1st and 2nd Declension,Personality Traits/Characteristics
409,perveniō -venīre -vēnī -ventum,"arrive, reach",Verb: 4th Conjugation,Travel
410,vērus -a -um,true,Adjective: 1st and 2nd Declension,Speech/Oratory
411,incipiō -cipere -cēpī -ceptum,begin,Verb: 3rd Conjugation -iō,Time
412,parcō parcere pepercī parsum,"spare, be sparing of (+ dat.)",Verb: 3rd Conjugation -ō,War and Peace
413,vestis -is f.,"garment, robe, clothing",Noun: 3rd Declension,Life and Being
414,similis -e,"like, similar",Adjective: 3rd Declension,Personality Traits/Characteristics
415,caedēs -is f.,"killing, slaughter",Noun: 3rd Declension,Violence
416,ōrdō -īnis m.,"order, rank",Noun: 3rd Declension,War and Peace
417,optō -āre,"choose, select",Verb: 1st Conjugation,Personality Traits/Characteristics
418,virgō -inis f.,"maiden, virgin, girl",Noun: 3rd Declension,People
419,legō legere lēgī lēctum,"gather, choose, read",Verb: 3rd Conjugation -ō,Writing/Poetry
420,aura -ae f.,breeze,Noun: 1st Declension,Air and Fire
421,impetus -ūs m.,attack,Noun: 4th Declension,Violence
422,fōrma -ae f.,shape; beauty,Noun: 1st Declension,Other Senses
423,praestō -stāre -stitī -stitum,"excel, exhibit",Verb: 1st Conjugation,Other Senses
424,aequor aequoris n.,"level surface, sea, plain",Noun: 3rd Declension,Earth and Water
425,misceō miscēre miscuī mixtum,mix,Verb: 2nd Conjugation,Earth and Water
426,spatium -ī n.,space,Noun: 2nd Declension,Air and Fire
427,tandem,finally,Adverb,Conjunctions/Adverbs
428,īnferus -a -um,low; īnferior: lower; īnfimus or īmus: lowest,Adjective: 1st and 2nd Declension,Geography
429,metuō metuere metuī,"to fear, to dread",Verb: 3rd Conjugation -ō,Emotions
430,temptō -āre,"try, test",Verb: 1st Conjugation,Making/Doing
431,trānseō -īre -iī -itum,go across,Verb: Irregular,Travel
432,ultimus -a -um,"farthest, final, last, ultimate",Adjective: 1st and 2nd Declension,Geography
433,addō -dere -didī -ditum,give to,Verb: 3rd Conjugation -ō,Social Life
434,grātus -a -um,pleasant; grateful,Adjective: 1st and 2nd Declension,Personality Traits/Characteristics
435,laudō -āre,praise,Verb: 1st Conjugation,Social Life
436,nōndum,not yet,Adverb,Conjunctions/Adverbs
437,impōnō -ere -posuī -positum,"put in, put on, impose, levy upon",Verb: 3rd Conjugation -ō,Measurement
438,somnus -ī m.,"sleep, slumber; (pl.) dreams",Noun: 2nd Declension,Life and Being
439,aciēs -ēī f.,edge; line of battle,Noun: 5th Declension,War and Peace
440,rūrsus,"back, again",Adverb,Place
441,cupiō -ere -īvī -ītum,desire,Verb: 3rd Conjugation -iō,Love
442,exspectō -āre,"watch, wait, expect",Verb: 1st Conjugation,Vision
443,compōnō -pōnere posuī positum,"build, construct, arrange",Verb: 3rd Conjugation -ō,Making/Doing
444,laus laudis f.,"praise, glory",Noun: 3rd Declension,Social Life
445,absum abesse āfuī,"be away, absent",Verb: Irregular,Travel
446,ūsus -ūs m.,"use, experience",Noun: 4th Declension,Education/Knowledge
447,velut,"even as, just as",Adverb,Conjunctions/Adverbs
448,comes comitis m./f.,"companion, comrade; attendant, follower",Noun: 3rd Declension,Social Life
449,ob,"against, on account of (+acc)",Preposition,Place
450,studium -ī n.,"eagerness, zeal",Noun: 2nd Declension,Emotions
451,facilis -e,easy,Adjective: 3rd Declension,Personality Traits/Characteristics
452,nūmen -inis n.,"divine will, deity",Noun: 3rd Declension,Religion
453,sapiēns -ntis,"wise; (as subst.) wise man, sage, philosopher",Adjective: 3rd Declension,Education/Knowledge
454,sūmō sūmere sūmpsī sūmptum,take up,Verb: 3rd Conjugation -ō,Motion
455,nōbilis -e,"distinguished, noble; (as subst.) a nobleman or woman",Adjective: 3rd Declension,Personality Traits/Characteristics
456,quīn,"(adv.) indeed, in fact; (conjunction) so that ... not (+ subj.)",Adverb,Conjunctions/Adverbs
457,fleō flēre flēvī flētum,weep,Verb: 2nd Conjugation,Emotions
458,nōlō nōlle nōluī,be unwilling,Verb: Irregular,Emotions
459,plēnus -a -um,full,Adjective: 1st and 2nd Declension,Measurement
460,adversus (-um),"(adv. and prep.) facing, opposite, against, opposed (to)",Adverb,War and Peace
461,nemus nemoris n.,"grove, forest",Noun: 3rd Declension,Animals/Plants
462,cārus -a -um,dear,Adjective: 1st and 2nd Declension,Personality Traits/Characteristics
463,dēsum -esse -fuī,be lacking,Verb: Irregular,Business/Money
464,lēgātus -ī m.,"lieutenant, envoy",Noun: 2nd Declension,War and Peace
465,discō -ere didicī,learn,Verb: 3rd Conjugation -ō,Education/Knowledge
466,furor -ōris m.,"rage, fury",Noun: 3rd Declension,Emotions
467,amnis -is m.,"river, torrent",Noun: 3rd Declension,Earth and Water
468,arbor arboris f.,tree,Noun: 3rd Declension,Animals/Plants
469,mox,soon,Adverb,Time
470,eō,"(adv.) there, to that place",Adverb,Place
471,cīvis -is m./f.,citizen,Noun: 3rd Declension,The City
472,occupō -āre,"seize, occupy; anticipate, do a thing first (+ infin.)",Verb: 1st Conjugation,War and Peace
473,spectō -āre,"look at, consider",Verb: 1st Conjugation,Vision
474,tergum -ī n.,"back, rear; ā tergō: from the rear",Noun: 2nd Declension,The Body
475,crīmen -inis n.,"verdict, accusation",Noun: 3rd Declension,Justice
476,dōnum -ī n.,"gift, present",Noun: 2nd Declension,Social Life
477,nōtus -a -um,well-known,Adjective: 1st and 2nd Declension,Personality Traits/Characteristics
478,sinus -ūs m.,"fold of a garment; lap, bay, gulf",Noun: 4th Declension,Earth and Water
479,faciēs -ēī f.,"form, appearance",Noun: 5th Declension,Vision
480,rumpō rumpere rūpī ruptum,"break, rupture",Verb: 3rd Conjugation -ō,Violence
481,membrum -ī n.,"limb, member of the body",Noun: 2nd Declension,The Body
482,umquam,ever,Adverb,Time
483,aspiciō -ere -spēxī -spectum,"look to or at, behold",Verb: 3rd Conjugation -iō,Vision
484,prius or priusquam,before,Adverb,Time
485,templum -ī n.,consecrated ground; temple,Noun: 2nd Declension,Religion
486,āmittō -mittere -mīsī -missum,"let go, send away",Verb: 3rd Conjugation -ō,Verbs of Compelling/Directing
487,pōscō pōscere popōscī,"demand, claim; inquire into",Verb: 3rd Conjugation -ō,Speech/Oratory
488,perdō -dere -didī -ditum,destroy,Verb: 3rd Conjugation -ō,Violence
489,quamvīs,however you like; although,Adverb,Conjunctions/Adverbs
490,tener -era -erum,tender,Adjective: 1st and 2nd Declension,Other Senses
491,currus -ūs m.,chariot,Noun: 4th Declension,Athletics
492,precor -ārī,"pray, invoke",Verb: Deponent,Religion
493,anima -ae f.,"breath, spirit",Noun: 1st Declension,Life and Being
494,contingō -tingere -tigī -tactum,"touch, be contiguous to",Verb: 3rd Conjugation -ō,Place
495,lībertās -ātis f.,freedom,Noun: 3rd Declension,The City
496,servus -ī m.,slave,Noun: 2nd Declension,The Household
497,soror -ōris f.,sister,Noun: 3rd Declension,The Household
498,fluctus -ūs m,"flood, billow, surf",Noun: 4th Declension,Earth and Water
499,quīppe,"(adv.) indeed, surely",Adverb,Conjunctions/Adverbs
500,exigō -igere -ēgī -āctum,drive out; collect,Verb: 3rd Conjugation -ō,Verbs of Compelling/Directing
501,fēmina -ae f.,woman,Noun: 1st Declension,People
502,nimius -a -um,"too much, excessive",Adjective: 1st and 2nd Declension,Personality Traits/Characteristics
503,fallō fallere fefellī falsum,deceive,Verb: 3rd Conjugation -ō,Deception
504,mīror mīrārī mīrātus sum,"wonder at, marvel at (+ acc.)",Verb: Deponent,Emotions
505,classis -is f.,"class, division, fleet",Noun: 3rd Declension,War and Peace
506,sedeō sedēre sēdī sessum,sit,Verb: 2nd Conjugation,The House
507,singulī -ae -a,one each,Adjective: 1st and 2nd Declension,Measurement
508,mūrus -ī m.,wall,Noun: 2nd Declension,The House
509,noceō nocēre nocuī,harm,Verb: 2nd Conjugation,Violence
510,quoniam,"since, seeing that",Conjunction,Conjunctions/Adverbs
511,fax facis f.,torch,Noun: 3rd Declension,Air and Fire
512,intellegō -legere -lēxī -lēctum:,understand,Verb: 3rd Conjugation -ō,Education/Knowledge
513,iungō iungere iūnxī iūnctum,join,Verb: 3rd Conjugation -ō,Making/Doing
514,afferō afferre attulī allātum,bring to,Verb: Irregular,Verbs of Transport
515,cōgitō -āre,"think, reflect",Verb: 1st Conjugation,Education/Knowledge
516,līmen līminis n.,threshold,Noun: 3rd Declension,The House
517,pūblicus -a -um,"public, belonging to the state",Adjective: 1st and 2nd Declension,The City
518,queror querī questus sum,"complain of, lament",Verb: Deponent,Emotions
519,exemplum -ī n.,"example, sample, copy",Noun: 2nd Declension,Speech/Oratory
520,prex precis f.,"prayers, entreaties",Noun: 3rd Declension,Religion
521,dubitō -āre,"hesitate, doubt",Verb: 1st Conjugation,Education/Knowledge
522,odium -ī n.,hatred,Noun: 2nd Declension,Emotions
523,fundō fundere fūdī fūsum,"pour, scatter",Verb: 3rd Conjugation -ō,Earth and Water
524,fūnus fūneris n.,funeral; death; dead body,Noun: 3rd Declension,Religion
525,nesciō -scīre,"not know, be ignorant",Verb: 4th Conjugation,Education/Knowledge
526,prior prius,"earlier, preceding",Adjective: 3rd Declension,Time
527,ūsque,up to; continuously,Adverb,Time
528,dubius -a -um,"doubtful; (as subst.) a doubt; sine dubiō, without a doubt, certainly",Adjective: 1st and 2nd Declension,Deception
529,tendō tendere tetendī tentum,"stretch, extend, direct (one’s steps or course)",Verb: 3rd Conjugation -ō,Travel
530,pecūnia -ae f.,money,Noun: 1st Declension,Business/Money
531,quemadmodum,"in what manner, how",Adverb,Pronouns/Interrogatives
532,spargō spargere sparsī sparsum,scatter,Verb: 3rd Conjugation -ō,Earth and Water
533,trēs tria,three,Adjective: Numeral,Measurement
534,tangō tangere tetigī tāctum,touch,Verb: 3rd Conjugation -ō,Other Senses
535,respondeō -spondēre -spondī -spōnsum,answer,Verb: 2nd Conjugation,Speech/Oratory
536,timor -ōris m.,fear,Noun: 3rd Declension,Emotions
537,properō -āre,"hasten, speed",Verb: 1st Conjugation,Motion
538,subeō -īre -iī -itum,go under; endure,Verb: Irregular,Motion
539,valeō valēre valuī,"be strong, excel, be valid, prevail; valē: farewell!",Verb: 2nd Conjugation,Social Life
540,condō -dere -didī -ditum,"build, found; store up; hide, conceal",Verb: 3rd Conjugation -ō,The City
541,nefās n. indecl.,"impiety, wickedness",Noun: Indeclinable,Justice
542,quondam,"formerly, once",Adverb,Time
543,auxilium -ī n.,"support, assistance; (pl.) auxiliary forces",Noun: 2nd Declension,War and Peace
544,dēserō -ere dēseruī dēsertum,"leave, desert, abandon",Verb: 3rd Conjugation -ō,Motion
545,nūdus -a -um,"naked, bare",Adjective: 1st and 2nd Declension,The Body
546,auctor -ōris m.,"originator, founder",Noun: 3rd Declension,Writing/Poetry
547,animal -ālis n.,"a living being, an animal",Noun: 3rd Declension,Animals/Plants
548,decus decoris n.,"beauty, grace; ornament, glory, honor",Noun: 3rd Declension,Personality Traits/Characteristics
549,salūs -ūtis f.,"health, safety",Noun: 3rd Declension,Life and Being
550,pateō patēre patuī,"lie open, extend; be evident or obvious",Verb: 2nd Conjugation,Geography
551,rogō -āre,ask,Verb: 1st Conjugation,Speech/Oratory
552,uxor uxōris f.,wife,Noun: 3rd Declension,The Household
553,abeō -īre -iī -itum,go away,Verb: Irregular,Motion
554,regō regere rēxī rēctum,"guide, rule",Verb: 3rd Conjugation -ō,The City
555,adeō,"(adv.) to such a degree, so",Adverb,Conjunctions/Adverbs
556,auferō auferre abstulī ablātum,take away,Verb: Irregular,Verbs of Transport
557,quantum,(adv.) how much? how greatly? how much! how greatly! as much as,Adverb,Pronouns/Interrogatives
558,senex -is m.,"old man, elder; senior, older",Noun: 3rd Declension,People
559,frōns frontis f.,"forehead, brow; front",Noun: 3rd Declension,The Body
560,propter,because of (+ acc.),Preposition,Non-Directional Prepositions
561,rēgius -a -um,"kingly, royal",Adjective: 1st and 2nd Declension,Personality Traits/Characteristics
562,currō currere cucurrī cursum,run,Verb: 3rd Conjugation -ō,Athletics
563,pellō pellere pepulī pulsum,"strike, beat, push, drive",Verb: 3rd Conjugation -ō,Violence
564,dīves dīvitis,"rich (poet. dīs, dītis)",Adjective: 3rd Declension,Business/Money
565,iūdicō -āre,"judge, decide",Verb: 1st Conjugation,Justice
566,pecus -oris n.,"cattle, sheep",Noun: 3rd Declension,Animals/Plants
567,potēns potentis,"able, powerful",Adjective: 3rd Declension,Personality Traits/Characteristics
568,scrībō scrībere scrīpsī scrīptum,write,Verb: 3rd Conjugation -ō,Writing/Poetry
569,pulcher -chra -chrum,beautiful,Adjective: 1st and 2nd Declension,Vision
570,surgō surgere surrēxī surrēctum,rise,Verb: 3rd Conjugation -ō,Earth and Water
571,cēterum,"for the rest, in addition, however that may be",Adverb,Pronouns/Interrogatives
572,careō -ēre -uī,lack (+ abl.),Verb: 2nd Conjugation,Business/Money
573,efficiō -ficere -fēcī -fectum,"bring about, complete; render (+ ut + subj.)",Verb: 3rd Conjugation -iō,Making/Doing
574,ōlim,"formerly, at that time",Adverb,Time
575,sermō -ōnis m.,"conversation, discourse",Noun: 3rd Declension,Speech/Oratory
576,exerceō -ercēre -ercuī -ercitum,"train, exercise, carry on",Verb: 2nd Conjugation,Athletics
577,gradus -ūs m.,"step, pace; grade, rank",Noun: 4th Declension,War and Peace
578,agitō -āre,drive,Verb: 1st Conjugation,Verbs of Compelling/Directing
579,forte,by chance,Adverb,Religion
580,honestus -a -um,honorable,Adjective: 1st and 2nd Declension,Personality Traits/Characteristics
581,moror morārī morātus sum,delay,Verb: Deponent,Time
582,praesidium -ī n.,"garrison, protection",Noun: 2nd Declension,War and Peace
583,sonō sonāre sonuī sonitum,"sound, resound",Verb: 1st Conjugation,Other Senses
584,praebeō -ēre -uī -itum,"furnish, supply, render",Verb: 2nd Conjugation,Verbs of Transport
585,regiō -ōnis f.,"boundary, region",Noun: 3rd Declension,Geography
586,sententia -ae f.,"opinion, judgment",Noun: 1st Declension,Education/Knowledge
587,ācer ācris ācre,"sharp, piercing",Adjective: 3rd Declension,Other Senses
588,suprā,"above, beyond (adv. and prep. +acc.)",Preposition,Place
589,brevis -e,"short, shallow, brief",Adjective: 3rd Declension,Measurement
590,citus -a -um,swift; citō swiftly,Adjective: 1st and 2nd Declension,Time
591,cornu -ūs n.,horn,Noun: 4th Declension,Animals/Plants
592,ingrātus -a -um:,"unpleasant, disagreeable",Adjective: 1st and 2nd Declension,Personality Traits/Characteristics
593,moenia -ium n. pl.,"walls, fortifications",Noun: 3rd Declension,The City
594,vinculum -ī n.,"bond, fetter, tie",Noun: 2nd Declension,War and Peace
595,adeō -īre -iī -itum,go to,Verb: Irregular,Motion
596,cēterus -a -um,"the other, the others, the rest",Adjective: 1st and 2nd Declension,Pronouns/Interrogatives
597,exeō -īre -iī -itum,go forth,Verb: Irregular,Motion
598,mālō mālle māluī,prefer,Verb: Irregular,Emotions
599,speciēs -ēī f.,"aspect, appearance",Noun: 5th Declension,Vision
600,ultrā,"beyond, further (adv. and prep. + acc.)",Preposition,Place
601,certē,"certainly, surely",Adverb,Measurement
602,imperō -āre,"command, control",Verb: 1st Conjugation,War and Peace
603,male,(adv.) badly,Adverb,Personality Traits/Characteristics
604,prohibeō -ēre -uī -itum,"restrain, keep away",Verb: 2nd Conjugation,Verbs of Compelling/Directing
605,clāmor -ōris m.,"outcry, shout",Noun: 3rd Declension,Speech/Oratory
606,dōnō -āre,present with a gift (+ acc. of person and abl. of thing),Verb: 1st Conjugation,Social Life
607,officium -ī n.,"service, duty",Noun: 2nd Declension,The City
608,committō -mittere -mīsī -missum,"join, entrust to (+ dat.); perform, do",Verb: 3rd Conjugation -ō,Social Life
609,crēscō crēscere crēvī crētum,"grow, increase",Verb: 3rd Conjugation -ō,Animals/Plants
610,aequus -a -um,equal,Adjective: 1st and 2nd Declension,Justice
611,factum -ī n.,"deed, accomplishment",Noun: 2nd Declension,Making/Doing
612,caedō caedere cecīdī caesum,"strike, kill, cut down",Verb: 3rd Conjugation -ō,Violence
613,exīstimō -āre,"think, believe",Verb: 1st Conjugation,Education/Knowledge
614,accēdō -cēdere -cessī -cessum,approach,Verb: 3rd Conjugation -ō,Motion
615,contemnō -temnere -tempsī -temptum,"despise, scorn, disdain",Verb: 3rd Conjugation -ō,Emotions
616,pudor pudōris m.,"sense of shame, modesty, propriety",Noun: 3rd Declension,Personality Traits/Characteristics
617,antīquus -a -um,"ancient, old-time, former",Adjective: 1st and 2nd Declension,Lengths of Time
618,ārdeō ārdēre ārsī ārsum,"blaze, glow; be eager",Verb: 2nd Conjugation,Air and Fire
619,ibi,there,Adverb,Place
620,prōvincia -ae f.,province; official duty,Noun: 1st Declension,The City
621,quandō,when?; since; sī quandō: if ever,Adverb,Pronouns/Interrogatives
622,custōs custōdis m.,guardian,Noun: 3rd Declension,The Household
623,supersum -esse -fuī,"remain, survive; be superfluous (to)",Verb: Irregular,Place
624,dēsinō -sinere -siī -situm,"leave off, cease",Verb: 3rd Conjugation -ō,Motion
625,fessus -a -um,"weary, tired",Adjective: 1st and 2nd Declension,Life and Being
626,praeda -ae f.,"booty, prey",Noun: 1st Declension,War and Peace
627,memoria -ae f.,"recollection, memory",Noun: 1st Declension,Education/Knowledge
628,dīvidō -ere dīvīsī dīvīsum,"divide, separate",Verb: 3rd Conjugation -ō,Making/Doing
629,pretium -ī n.,"price, worth, reward; pretium operae: a reward for trouble",Noun: 2nd Declension,Business/Money
630,pontus -ī m.,"the open sea, the deep",Noun: 2nd Declension,Earth and Water
631,varius -a -um,"changing, varied, various",Adjective: 1st and 2nd Declension,Other Senses
632,vehō vehere vēxī vectum,"carry; vehor vehī vectus sum: travel, ride",Verb: 3rd Conjugation -ō,Travel
633,falsus -a -um,"deceptive, false",Adjective: 1st and 2nd Declension,Deception
634,niger nigra nigrum,black,Adjective: 1st and 2nd Declension,Vision
635,oppidum -ī n.,town,Noun: 2nd Declension,The City
636,pondus ponderis n.,weight,Noun: 3rd Declension,Measurement
637,arvum -ī n.,"ploughed land, field",Noun: 2nd Declension,Animals/Plants
638,arx arcis f.,"citadel, castle; summit",Noun: 3rd Declension,The City
639,sors sortis f.,"lot, fate, destiny; oracle",Noun: 3rd Declension,Religion
640,vīnum -ī n.,"vine, wine",Noun: 2nd Declension,Animals/Plants
641,dīversus -a -um,"different, diverse",Adjective: 1st and 2nd Declension,Other Senses
642,orior orīrī ortus sum,"arise, begin",Verb: Deponent,Time
643,ecce,behold!,Adverb,Vision
644,quamquam,"however, although",Conjunction,Conjunctions/Adverbs
645,cōnferō cōnferre contulī collātum,"collect, bring to",Verb: Irregular,Verbs of Transport
646,facinus facinoris n.,"deed, crime",Noun: 3rd Declension,Justice
647,retineō -tinēre -tinuī -tentum,"hold back, keep",Verb: 2nd Conjugation,Verbs of Compelling/Directing
648,spērō -āre,to hope,Verb: 1st Conjugation,Emotions
649,plēbs plēbis f.,the common people,Noun: 3rd Declension,The City
650,pūgna -ae f.,fist-fight; battle,Noun: 1st Declension,Violence
651,repetō -petere -petīvī -petītum,"demand, exact; revisit; call to mind, recollect; repeat",Verb: 3rd Conjugation -ō,Verbs of Compelling/Directing
652,cōnstituō -stituere -stituī -stitūtum,"establish, put together",Verb: 3rd Conjugation -ō,Making/Doing
653,dēfendō -fendere -fendī -fēnsum,"defend, ward off",Verb: 3rd Conjugation -ō,War and Peace
654,marītus -ī m.,husband,Noun: 2nd Declension,The Household
655,cernō cernere crēvī crētum,"discern, separate",Verb: 3rd Conjugation -ō,Education/Knowledge
656,superbus -a -um,"overbearing, proud, haughty",Adjective: 1st and 2nd Declension,Personality Traits/Characteristics
657,adversus -a -um,"facing, opposed; unfavorable",Adjective: 1st and 2nd Declension,War and Peace
658,morbus -ī m.,"sickness, disease",Noun: 2nd Declension,The Body
659,sānctus -a -um,"sacred, inviolable",Adjective: 1st and 2nd Declension,Religion
660,commūnis -e,"common, general",Adjective: 3rd Declension,The City
661,dēdūcō -dūcere -dūxī -ductum,"launch, lead away",Verb: 3rd Conjugation -ō,Travel
662,rīpa -ae f.,bank of a river,Noun: 1st Declension,Earth and Water
663,concēdō -cēdere -cessī -cessum,"yield, withdraw",Verb: 3rd Conjugation -ō,War and Peace
664,hōra -ae f.,hour,Noun: 1st Declension,Lengths of Time
665,vetō -āre vetuī vetītum,forbid,Verb: 1st Conjugation,Verbs of Compelling/Directing
666,cohors cohortis f.,"cohort, band, troop",Noun: 3rd Declension,War and Peace
667,gīgnō gīgnere genuī genitum,"beget, bear, bring forth",Verb: 3rd Conjugation -ō,Life and Being
668,superō -āre,"overcome, surpass, defeat",Verb: 1st Conjugation,War and Peace
669,maestus -a -um,"sad, sorrowful; depressing",Adjective: 1st and 2nd Declension,Emotions
670,meminī meminisse,"remember, recollect",Verb: Irregular,Education/Knowledge
671,impleō -ēre -plēvī -plētum,"fill in, fill up",Verb: 2nd Conjugation,Earth and Water
672,māgnitūdō -inis f.,"greatness, size",Noun: 3rd Declension,Measurement
673,vacuus -a -um,empty,Adjective: 1st and 2nd Declension,Measurement
674,vagus -a -um,"wandering, shifting",Adjective: 1st and 2nd Declension,Travel
675,vulgus -ī n. and m.,the common people,Noun: 2nd Declension,The City
676,deficiō -ficere -fēcī -fectum,"fail, give out; revolt from",Verb: 3rd Conjugation -iō,War and Peace
677,occurrō -currere -cucurrī -cursum,run to meet; come into one’s mind,Verb: 3rd Conjugation -ō,Education/Knowledge
678,statuō -ere -uī -ūtum,"set up, determine",Verb: 3rd Conjugation -ō,Justice
679,ideō,for this reason,Adverb,Conjunctions/Adverbs
680,praemium -ī n.,"bounty, reward",Noun: 2nd Declension,Business/Money
681,praetereā,"besides, moreover",Adverb,Conjunctions/Adverbs
682,tertius -a -um,third,Adjective: 1st and 2nd Declension,Measurement
683,supplicium -ī n.,"punishment, penalty",Noun: 2nd Declension,Justice
684,vātēs -is m.,"poet, bard",Noun: 3rd Declension,Writing/Poetry
685,astrum -ī n.,star; constellation,Noun: 2nd Declension,Air and Fire
686,undique,"from all sides, on all sides",Adverb,Place
687,canis -is m./f.,dog,Noun: 3rd Declension,Animals/Plants
688,ēdō ēdere ēdidī ēditum,"put forth, state, explain",Verb: 3rd Conjugation -ō,Speech/Oratory
689,fateor fatērī fassus sum,"admit, confess; profess, declare; assent, say yes",Verb: Deponent,Justice
690,amīcitia -ae f.,friendship,Noun: 1st Declension,Social Life
691,aureus -a -um,golden; splendid,Adjective: 1st and 2nd Declension,Business/Money
692,candidus -a -um,"white, fair",Adjective: 1st and 2nd Declension,Vision
693,interim,meanwhile,Adverb,Time
694,frūstrā,in vain,Adverb,Conjunctions/Adverbs
695,lateō latēre latuī,"lie hidden, be hidden",Verb: 2nd Conjugation,Deception
696,os ossis n.,bone,Noun: 3rd Declension,The Body
697,sēcūrus -a -um,"free from care, tranquil; careless",Adjective: 1st and 2nd Declension,Personality Traits/Characteristics
698,conveniō -venīre -vēnī -ventum,"assemble, meet; agree",Verb: 4th Conjugation,Social Life
699,interficiō -ficere -fēcī -fectum,kill,Verb: 3rd Conjugation -iō,Violence
700,appellō -pellāre,"call, address, name",Verb: 1st Conjugation,Social Life
701,dolus -ī m.,"artifice, device, trick",Noun: 2nd Declension,Deception
702,permittō -mittere -mīsī -missum,"yield, allow, permit",Verb: 3rd Conjugation -ō,Verbs of Compelling/Directing
703,spīritus -ūs m.,"breath, life, spirit",Noun: 4th Declension,Life and Being
704,intrā,within (+ acc.),Preposition,Place
705,terreō terrēre terruī territum,"terrify, frighten",Verb: 2nd Conjugation,Emotions
706,fōns fontis m.,"spring, fountain",Noun: 3rd Declension,Earth and Water
707,invidia -ae f.,"envy, jealousy, hatred",Noun: 1st Declension,Emotions
708,pugnō -āre,fight,Verb: 1st Conjugation,Violence
709,augeō augēre auxī auctum,increase,Verb: 2nd Conjugation,Making/Doing
710,littera -ae f.,"letter, (pl.) literature",Noun: 1st Declension,Writing/Poetry
711,moneō monēre monuī monitum,"warn, advise",Verb: 2nd Conjugation,Speech/Oratory
712,dīvitiae -ārum f. pl.,"riches, wealth",Noun: 1st Declension,Business/Money
713,experior -perīrī -pertus sum,"try thoroughly, test, experience",Verb: Deponent,Education/Knowledge
714,superī -ōrum m. pl.,"those above, i.e. the gods",Noun: 2nd Declension,Religion
715,ōtium -ī n.,leisure,Noun: 2nd Declension,Social Life
716,vestīgium -ī n.,"footstep, footprint, track",Noun: 2nd Declension,Travel
717,sinō sinere sīvī situm,"allow, let go",Verb: 3rd Conjugation -ō,Verbs of Compelling/Directing
718,decet decēre decuīt,"it is right, proper, fitting (+ acc. + infin.)",Verb: Impersonal,Personality Traits/Characteristics
719,effundō -fundere -fūdī -fūsum,pour out,Verb: 3rd Conjugation -ō,Earth and Water
720,prōmittō -mittere -mīsī -missum,"send forth, offer",Verb: 3rd Conjugation -ō,Verbs of Compelling/Directing
721,fingō fingere fīnxī fīctum,shape; invent,Verb: 3rd Conjugation -ō,Making/Doing
722,respicio -ere -spēxī -spectum,"look back, regard, consider",Verb: 3rd Conjugation -iō,Vision
723,imperātor -ōris m.,commander,Noun: 3rd Declension,War and Peace
724,vacō vacāre,"be empty, open, unoccupied",Verb: 1st Conjugation,Measurement
725,color -ōris m.,color,Noun: 3rd Declension,Vision
726,discēdō -ere -cessī -cessum,"go away, depart",Verb: 3rd Conjugation -ō,Travel
727,gaudium -ī n.,"delight, joy, pleasure",Noun: 2nd Declension,Emotions
728,caecus -a -um,"blind, unseeing; dark, obscure",Adjective: 1st and 2nd Declension,Vision
729,libet libēre libuit or libitum est,it is pleasing (+ dat. + infin.),Verb: Impersonal,Social Life
730,centum,one hundred,Adjective: Numeral,Measurement
731,cōnstō -stāre -stitī,"agree; constat, it is established that (+ acc. and infin.)",Verb: 1st Conjugation,Speech/Oratory
732,lingua -ae f.,tongue; language,Noun: 1st Declension,The Body
733,multitūdō -inis f.,"multitude, number",Noun: 3rd Declension,Measurement
734,aeternus -a -um,"everlasting, eternal",Adjective: 1st and 2nd Declension,Lengths of Time
735,circā,around (adv. and prep. +acc.),Preposition,Place
736,ōrātiō -ōnis f.,"speech, address",Noun: 3rd Declension,Speech/Oratory
737,potestās -ātis f.,power,Noun: 3rd Declension,The City
738,tardus -a -um,"slow, sluggish, lingering",Adjective: 1st and 2nd Declension,Time
739,for fārī fātus sum,"report, say",Verb: Deponent,Speech/Oratory
740,humus -ī f.,ground; humī: on the ground,Noun: 2nd Declension,Earth and Water
741,testis -is m.,witness,Noun: 3rd Declension,Justice
742,īnferō īnferre intulī illātum,"bring upon, against; bellum īnferre: make war on",Verb: Irregular,War and Peace
743,cūrō -āre,"watch over, look after, care for (+ acc.)",Verb: 1st Conjugation,Love
744,aes aeris n.,"copper, bronze",Noun: 3rd Declension,Business/Money
745,celer -is -e,swift,Adjective: 3rd Declension,Time
746,prōcēdō -cēdere -cessī -cessum,"go forth, advance",Verb: 3rd Conjugation -ō,Motion
747,mēnsa -ae f.,table,Noun: 1st Declension,The House
748,pius -a -um,"dutiful, devoted, just, pious",Adjective: 1st and 2nd Declension,Personality Traits/Characteristics
749,iūdicium -ī n.,"judgment, decision, trial",Noun: 2nd Declension,Justice
750,victōria -ae f.,victory,Noun: 1st Declension,War and Peace
751,damnō -āre,condemn,Verb: 1st Conjugation,Justice
752,rārus -a -um,"wide apart, loose, thin; rare, seldom",Adjective: 1st and 2nd Declension,Measurement
753,tempestas -tātis f.,"period of time, season; bad weather, storm",Noun: 3rd Declension,Lengths of Time
754,imāgō -inis f.,"image, form, figure",Noun: 3rd Declension,Vision
755,ōrō -āre,pray,Verb: 1st Conjugation,Religion
756,praeter,"by, along, past; besides, except (+ acc.)",Preposition,Place
757,cōnsulō -sulere -suluī -sultum,"consult, plan (+ acc.); consider the interests of (+dat)",Verb: 3rd Conjugation -ō,The City
758,iterum,again,Adverb,Time
759,porta -ae f.,gate,Noun: 1st Declension,The City
760,intersum -esse -fuī,"to be between; take part in, attend (+dat.); interest, it is in the interest of (+ gen.)",Verb: Irregular,Place
761,libīdō -inis f.,"passion, lust",Noun: 3rd Declension,Love
762,sustineō sustinēre sustinuī sustentum,"hold up, sustain",Verb: 2nd Conjugation,Social Life
763,aliquandō,"at some time, at length",Adverb,Time
764,māiōrēs māiōrum m.,ancestors,Noun: 3rd Declension,The Household
765,reperiō -perīre -pperī -pertum,"find, find out",Verb: 4th Conjugation,Education/Knowledge
766,intrō -āre,enter,Verb: 1st Conjugation,Motion
767,pietās -tātis f.,"sense of duty, devotion, esp. between parents and children",Noun: 3rd Declension,The Household
768,barbarus -ī m.,"foreigner, barbarian",Noun: 2nd Declension,War and Peace
769,culpa -ae f.,"guilt, fault, blame",Noun: 1st Declension,Justice
770,iūstus -a -um,"right, just, fair",Adjective: 1st and 2nd Declension,Justice
771,dōnec,until,Conjunction,Time
772,fluō fluere fluxī fluxum,flow,Verb: 3rd Conjugation -ō,Earth and Water
773,necesse (indecl. adj.),necessary,Adjective: Indeclinable,Business/Money
774,reor rērī rātus sum,"think, imagine, suppose, deem",Verb: Deponent,Education/Knowledge
775,tenebrae -brārum f. pl.,"darkness, the shadows",Noun: 1st Declension,Vision
776,saeculum -ī n.,"generation, age, century",Noun: 2nd Declension,Lengths of Time
777,dīmittō -mittere -mīsī -missum,send away,Verb: 3rd Conjugation -ō,Verbs of Compelling/Directing
778,licet,even though,Conjunction,Justice
779,cinis cineris m./f.,"ashes, embers",Noun: 3rd Declension,Air and Fire
780,cōnsistō -sistere -stitī,"take position; consist in, be composed of",Verb: 3rd Conjugation -ō,Speech/Oratory
781,recēns -ntis,"fresh, new",Adjective: 3rd Declension,Time
782,aliter,"otherwise, differently",Adverb,Conjunctions/Adverbs
783,laedō laedere laesī laesum,"injure by striking, hurt",Verb: 3rd Conjugation -ō,Violence
784,probō -āre,"approve, prove; convince one (dat.) of a thing (acc.)",Verb: 1st Conjugation,Verbs of Compelling/Directing
785,doleō -ēre doluī,"feel pain or grief, grieve",Verb: 2nd Conjugation,Emotions
786,quārē,how? why?,Adverb,Pronouns/Interrogatives
787,antequam,before,Conjunction,Time
788,reliquus -a -um,"remaining, rest",Adjective: 1st and 2nd Declension,Measurement
789,semel,once,Adverb,Time
790,ōdī ōdisse,hate,Verb: Irregular,Emotions
791,sīcut,just as,Adverb,Conjunctions/Adverbs
792,peccō -āre,"commit a wrong, injure",Verb: 1st Conjugation,Justice
793,sēnsus -ūs m.,"feeling, emotion, sense",Noun: 4th Declension,Emotions
794,exsilium -ī n.,"exile, banishment",Noun: 2nd Declension,Travel
795,cor cordis n.,"heart; cordī est, it is pleasing to (+ dat.)",Noun: 3rd Declension,The Body
796,dēnique,finally,Adverb,Time
797,sapientia -ae f.,wisdom,Noun: 1st Declension,Education/Knowledge
798,statim,immediately,Adverb,Time
799,accidō -cidere -cidī,fall; happen,Verb: 3rd Conjugation -ō,Motion
800,dēcernō -cernere -crēvī -crētum,"determine, decide",Verb: 3rd Conjugation -ō,Education/Knowledge
801,occīdō -cīdere -cīdī -cīsum,"kill, cut down",Verb: 3rd Conjugation -ō,Violence
802,dēscendō -scendere -scendī -scēnsum,"climb down, descend",Verb: 3rd Conjugation -ō,Travel
803,hiems hiemis f.,winter,Noun: 3rd Declension,Lengths of Time
804,contineō -tinēre -tinuī -tentum,"contain, restrain",Verb: 2nd Conjugation,Verbs of Compelling/Directing
805,dēferō -ferre -tulī -lātum,"carry away, report",Verb: Irregular,Verbs of Transport
806,oportet -ēre -uit,"it is proper, right (+ acc. + infin.)",Verb: Impersonal,Social Life
807,tribūnus -ī m.,"tribune, title of various Roman officials, as mīlitum, plēbis, aerāriī",Noun: 2nd Declension,The City
808,bōs bovis m.,ox; gen. pl. boum,Noun: 3rd Declension,Animals/Plants
809,īrāscor īrāscī īrātus sum,grow angry; īrātus -a -um: angry,Verb: Deponent,Emotions
810,aeger aegra aegrum,sick,Adjective: 1st and 2nd Declension,Life and Being
811,forum -ī n.,"market-place, forum",Noun: 2nd Declension,The City
812,offerō offerre obtulī oblātum,"present, offer, expose",Verb: Irregular,Verbs of Transport
813,revocō -āre,"call back, recall",Verb: 1st Conjugation,Social Life
814,cingō cingere cīnxī cīnctum,"encircle, surround, gird",Verb: 3rd Conjugation -ō,War and Peace
815,integer -gra -grum:,"untouched, fresh, complete, whole",Adjective: 1st and 2nd Declension,Personality Traits/Characteristics
816,validus -a -um,strong,Adjective: 1st and 2nd Declension,Personality Traits/Characteristics
817,alō alere aluī alitum,nourish,Verb: 3rd Conjugation -ō,Life and Being
818,flōs flōris m.,"flower, bloom",Noun: 3rd Declension,Animals/Plants
819,īctus -ūs m.,"blow, stroke",Noun: 4th Declension,Violence
820,colligō -ere -lēgī -lēctum,"gather together, collect",Verb: 3rd Conjugation -ō,Verbs of Compelling/Directing
821,pergō pergere perrēxī perrēctum,"continue, proceed; awaken",Verb: 3rd Conjugation -ō,Motion
822,praesēns -ntis,"present, in person, ready",Adjective: 3rd Declension,Place
823,rēctus -a -um,"straight, direct",Adjective: 1st and 2nd Declension,Measurement
824,lātus -a -um,"broad, wide",Adjective: 1st and 2nd Declension,Measurement
825,praeceptum -ī n.,"rule, precept; command",Noun: 2nd Declension,Justice
826,recēdō -cēdere -cessī -cessum,"step back, recoil, recede, withdraw",Verb: 3rd Conjugation -ō,Motion
827,utrum,whether; utrum ... an: whether ... or,Conjunction,Conjunctions/Adverbs
828,famēs -is f.,"hunger, famine",Noun: 3rd Declension,Life and Being
829,pariō parere peperī partum,"bring forth, give birth to; accomplish",Verb: 3rd Conjugation -iō,Life and Being
830,appāreō -ēre -uī,"appear, become visible",Verb: 2nd Conjugation,Vision
831,quōmodo,"in what way, how?",Conjunction,Pronouns/Interrogatives
832,error -ōris m.,"wandering; error, mistake",Noun: 3rd Declension,Travel
833,"forsitan, fortasse","perhaps, perchance",Adverb,Conjunctions/Adverbs
834,convertō -vertere -vertī -versum,"turn about, turn, change",Verb: 3rd Conjugation -ō,Motion
835,proficīscor -ficīscī -fectus sum,"set forth, go",Verb: Deponent,Travel
836,secundus -a -um,following; favorable; (as numeral) second,Adjective: 1st and 2nd Declension,Measurement
837,aperiō aperīre aperuī apertum,open,Verb: 4th Conjugation,The House
838,castus -a -um,"pure, spotless, chaste",Adjective: 1st and 2nd Declension,Personality Traits/Characteristics
839,iūdex iūdicis m.,"judge, juror",Noun: 3rd Declension,Justice
840,lapis lapidis m.,stone,Noun: 3rd Declension,Earth and Water
841,nimis or nimium,excessively,Adverb,Personality Traits/Characteristics
842,onus oneris n.,"load, burden",Noun: 3rd Declension,Measurement
843,opera -ae f.,"labor, activity, work",Noun: 1st Declension,Business/Money
844,pauper -eris,"poor, lowly",Adjective: 3rd Declension,Business/Money
845,āēr āeris m.,air,Noun: 3rd Declension,Air and Fire
846,negōtium -ī n.,business,Noun: 2nd Declension,Business/Money
847,pāreō pārēre pāruī,obey,Verb: 2nd Conjugation,Verbs of Compelling/Directing
848,subitō,"suddenly, unexpectedly",Adverb,Time
849,argentum -ī n.,"silver, money",Noun: 2nd Declension,Business/Money
850,ūtilis -e,useful,Adjective: 3rd Declension,Making/Doing
851,aethēr aetheris n.,"pure upper air, ether, heaven, sky",Noun: 3rd Declension,Air and Fire
852,mereō merēre meruī meritum,"deserve, merit; serve as a soldier",Verb: 2nd Conjugation,Business/Money
853,portō -āre,carry a load,Verb: 1st Conjugation,Measurement
854,proprius -a -um,"one’s own, peculiar",Adjective: 1st and 2nd Declension,Pronouns/Interrogatives
855,avis -is f.,bird,Noun: 3rd Declension,Animals/Plants
856,vanus -a -um,"empty; false, deceitful",Adjective: 1st and 2nd Declension,Deception
857,māteria -ae f.,"material, subject matter; timber, lumber",Noun: 1st Declension,Speech/Oratory
858,paucī -ae -a,"few, a few",Adjective: 1st and 2nd Declension,Measurement
859,voluntās -ātis f.,"wish, desire",Noun: 3rd Declension,Emotions
860,ēgregius -a -um,"distinguished, uncommon",Adjective: 1st and 2nd Declension,Personality Traits/Characteristics
861,difficilis -e,"not easy, hard, difficult",Adjective: 3rd Declension,Personality Traits/Characteristics
862,gladius -ī m.,sword,Noun: 2nd Declension,War and Peace
863,cibus -ī m.,food,Noun: 2nd Declension,Life and Being
864,certō -āre,"decide by contest; fight, compete, vie",Verb: 1st Conjugation,Athletics
865,initium -ī n.:,beginning,Noun: 2nd Declension,Time
866,pertineō -tinēre -tinuī,"extend over, reach; refer to, pertain to, be the business of",Verb: 2nd Conjugation,Education/Knowledge
867,quattuor,four,Adjective: Numeral,Measurement
868,turbō -āre,"disturb, confuse",Verb: 1st Conjugation,Speech/Oratory
869,cōnsūmō -sūmere -sūmpsī -sūmptum,"to use up, consume",Verb: 3rd Conjugation -ō,Life and Being
870,corrumpō -rumpere -rūpī -ruptum,"break up, destroy, ruin",Verb: 3rd Conjugation -ō,Violence
871,incidō incidere incidī,"fall upon, fall into; happen",Verb: 3rd Conjugation -ō,Motion
872,"paulō, paulum","to only a small extent, slightly, a little",Adverb,Measurement
873,hospes hospitis m.,"guest, guest-friend; stranger; host",Noun: 3rd Declension,Social Life
874,rīdeō -ēre rīsī rīsum,"laugh, laugh at",Verb: 3rd Conjugation -ō,Emotions
875,aevum -i n.,"eternity; lifetime, age",Noun: 2nd Declension,Lengths of Time
876,audāx audācis,"bold, daring; reckless",Adjective: 3rd Declension,Personality Traits/Characteristics
877,posterus -a -um,"next, later",Adjective: 1st and 2nd Declension,Time
878,praetor -ōris m.,"praetor, one of the chief Roman magistrates",Noun: 3rd Declension,The City
879,rūs rūris n.,country,Noun: 3rd Declension,Geography
880,differō differre distulī dīlātum,"scatter; publish, divulge; differ; defer, postpone",Verb: Irregular,Making/Doing
881,vītō -āre,"avoid, shun",Verb: 1st Conjugation,Social Life
882,prīvātus -a -um,"personal, private",Adjective: 1st and 2nd Declension,Social Life
883,serviō -īre,"be a slave, serve (+ dat.)",Verb: 4th Conjugation,The Household
884,vereor verērī veritus sum,"fear, stand in awe of",Verb: Deponent,Emotions
885,ingredior -gredī -gressus sum:,"step in, enter",Verb: Deponent,Motion
886,addūcō -ere -dūxī -ductum,"lead to, induce",Verb: 3rd Conjugation -ō,Verbs of Compelling/Directing
887,hortor hortārī hortātus sum,"urge strongly, advise, exhort",Verb: Deponent,Speech/Oratory
888,reus -ī m.,defendant,Noun: 2nd Declension,Justice
889,scīlicet,"certainly, of course",Adverb,Conjunctions/Adverbs
890,comparō -āre,"get ready, provide; compare",Verb: 1st Conjugation,Business/Money
891,perpetuus -a -um,"unbroken, perpetual",Adjective: 1st and 2nd Declension,Lengths of Time
892,dēsīderō -āre,"long for, desire greatly",Verb: 1st Conjugation,Love
893,celebrō -āre,"frequent, throng, crowd",Verb: 1st Conjugation,The City
894,cōnficiō -ficere -fēcī -fectum,"complete, accomplish; destroy, kill, consume",Verb: 3rd Conjugation -iō,Violence
895,intendō -tendere -tendī -tentum:,"stretch out, strain",Verb: 3rd Conjugation -ō,Motion
896,iūrō -āre,"take an oath, swear; iūs iūrandum, oath",Verb: 1st Conjugation,Justice
897,sōlum,"only, merely",Adverb,Measurement
898,auctōritās -ātis f.,"influence, clout, authority",Noun: 3rd Declension,Social Life
899,iaciō iacere iēcī iactum,"throw, hurl",Verb: 3rd Conjugation -iō,Athletics
900,labōrō -āre,"toil, work; be in trouble or distress",Verb: 1st Conjugation,Business/Money
901,liber librī m.,book,Noun: 2nd Declension,Writing/Poetry
902,lūna -ae f.,moon,Noun: 1st Declension,Air and Fire
903,prōtinus,"at once, forthwith",Adverb,Time
904,aequē,equally,Adverb,Justice
905,cōnor cōnārī cōnātus sum,"try, attempt",Verb: Deponent,Making/Doing
906,cupīdō -inis f.,"desire, eagerness, craving",Noun: 3rd Declension,Love
907,ferē,almost,Adverb,Conjunctions/Adverbs
908,īnsula -ae f.:,island,Noun: 1st Declension,Geography
909,fīlia -ae f.; fīlius -ī m.,daughter; son,Noun: 1st Declension,The Household
910,narrō -āre,"relate, recount",Verb: 1st Conjugation,Speech/Oratory
911,necessitās -tātis f.,"necessity, need",Noun: 3rd Declension,Business/Money
912,ēgredior ēgredī ēgressus sum,"stride out, depart, disembark from (+ abl.)",Verb: Deponent,Travel
913,poēta -ae m.,poet,Noun: 1st Declension,Writing/Poetry
914,decem,ten,Adjective: Numeral,Measurement
915,amplus -a -um,"large, spacious",Adjective: 1st and 2nd Declension,Measurement
916,aptus -a -um,"fit, suitable",Adjective: 1st and 2nd Declension,Personality Traits/Characteristics
917,cōnsequor -sequī -secūtus sum,"follow up, overtake, attain",Verb: Deponent,Motion
918,frequēns -ntis,"in large numbers, often",Adjective: 3rd Declension,Measurement
919,nūntius -ī m.,messenger; news,Noun: 2nd Declension,Travel
920,condīciō -ōnis f.,"agreement, condition",Noun: 3rd Declension,Business/Money
921,convīvium -iī n.,"banquet, feast",Noun: 2nd Declension,Social Life
922,foedus -a -um,foul,Adjective: 1st and 2nd Declension,Other Senses
923,fruor fruī frūctus sum,"enjoy the produce of, profit by, use (+ abl.)",Verb: Deponent,Emotions
924,num,interrogative particle implying negative answer,Adverb,Pronouns/Interrogatives
925,albus -a -um,white,Adjective: 1st and 2nd Declension,Vision
926,damnum -ī n.,"damage, injury",Noun: 2nd Declension,Violence
927,frūctus -ūs m.,"fruit, crops; enjoyment, delight",Noun: 4th Declension,Animals/Plants
928,cēnseō cēnsēre cēnsuī cēnsum,"assess, rate; think, decide",Verb: 2nd Conjugation,Education/Knowledge
929,prōdō prōdere prōdidī prōditum,"publish, hand down; give over, betray",Verb: 3rd Conjugation -ō,Verbs of Transport
930,prōpōnō -pōnere -posuī -positum,"put forth, propose, present",Verb: 3rd Conjugation -ō,Speech/Oratory
931,īnstituō -stituere -stituī -stitūtum:,undertake; equip,Verb: 3rd Conjugation -ō,Making/Doing
932,item,likewise,Adverb,Conjunctions/Adverbs
933,magister magistrī m.,"master, chief",Noun: 2nd Declension,Education/Knowledge
934,stella -ae f.,star,Noun: 1st Declension,Air and Fire
935,ēdūcō -dūcere -dūxī -ductum,lead forth,Verb: 3rd Conjugation -ō,Verbs of Compelling/Directing
936,frūmentum -ī n.,grain,Noun: 2nd Declension,Animals/Plants
937,suscipiō -cipere -cēpī ceptum,take up,Verb: 3rd Conjugation -iō,Verbs of Transport
938,quasi,as if,Adverb,Conjunctions/Adverbs
939,sacerdōs -dōtis m./f.,"priest, priestess",Noun: 3rd Declension,Religion
940,vīcīnus -a -um,"neighboring, near",Adjective: 1st and 2nd Declension,Geography
941,caveō cavēre cāvī cautum,"be on guard, beware",Verb: 2nd Conjugation,Violence
942,ēligō ēligere ēlēgī ēlēctum,"pick out, select",Verb: 3rd Conjugation -ō,The City
943,familia -ae f.,"household, family",Noun: 1st Declension,The Household
944,paene,almost,Adverb,Conjunctions/Adverbs
945,praecipiō -cipere -cēpī -ceptum,"anticipate, advise, warn",Verb: 3rd Conjugation -iō,Speech/Oratory
946,sānus -a -um,"sound, sane",Adjective: 1st and 2nd Declension,Life and Being
947,potis -e,"powerful, able",Adjective: 3rd Declension,Personality Traits/Characteristics
948,prīncipium -ī n.,beginning,Noun: 2nd Declension,Time
949,sepulcrum -ī n.,"place of burial, tomb, grave",Noun: 2nd Declension,Life and Being
950,mortālis -e,"liable to death, mortal; (as subst.) a mortal",Adjective: 3rd Declension,Life and Being
951,epistula -ae f.,letter,Noun: 1st Declension,Writing/Poetry
952,inimīcus -a -um:,unfriendly; (as subst.) enemy,Adjective: 1st and 2nd Declension,Personality Traits/Characteristics
953,interrogō -āre,"put a question to, ask (+ acc.)",Verb: 1st Conjugation,Speech/Oratory
954,cōnsuētūdo -inis f.,"custom, habit",Noun: 3rd Declension,Personality Traits/Characteristics
955,illūc,to that place,Adverb,Place
956,dīgnitās -ātis f.,"worth, reputation, honor",Noun: 3rd Declension,Personality Traits/Characteristics
957,fugō -āre,put to flight,Verb: 1st Conjugation,Travel
958,afficiō -ficere -fēcī -fectum,"affect, visit with (+ abl.)",Verb: 3rd Conjugation -iō,Social Life
959,adhibeō -hibēre -hibuī -hibitum,apply,Verb: 2nd Conjugation,Making/Doing
960,caelestis -e,"from or of heaven; caelestēs, the gods",Adjective: 3rd Declension,Air and Fire
961,mulier -eris f.,woman,Noun: 3rd Declension,People
962,dīvus -a -um,"divine, godlike; (as subst.) a god",Adjective: 1st and 2nd Declension,Religion
963,arbitror arbitrārī arbitrātus sum,"consider, think",Verb: Deponent,Education/Knowledge
964,posteā,afterwards,Adverb,Time
965,aedēs -is f.,building; (pl.) house,Noun: 3rd Declension,The House
966,fābula -ae f.,"account, tale, story",Noun: 1st Declension,Writing/Poetry
967,celeriter,quickly,Adverb,Time
968,plērus- plēra- plērumque,"the greater part, very many, most, the majority",Adjective: 1st and 2nd Declension,Measurement
969,quiēscō quiēscere quiēvī quiētum,keep quiet; sleep,Verb: 3rd Conjugation -ō,Life and Being
970,quotiēns,"interr. how many times? how often? rel. as often as, whenever",Adverb,Pronouns/Interrogatives
971,scientia -ae f.,knowledge,Noun: 1st Declension,Education/Knowledge
972,cōnfiteor cōnfitērī cōnfessus sum,"admit (a fact), confess (a crime); reveal, disclose",Verb: Deponent,Justice
973,dīligō -ligere -lēxī -lēctum,"choose, cherish, love",Verb: 3rd Conjugation -ō,Love
974,plērumque,generally,Adverb,Measurement
975,dormiō -īre,sleep,Verb: 4th Conjugation,Life and Being
976,volucris -is f./m.,bird,Noun: 3rd Declension,Animals/Plants
977,volucer -cris -cre,flying,Adjective: 3rd Declension,Animals/Plants
978,creō -āre,"produce, create; elect, choose",Verb: 1st Conjugation,Making/Doing
979,fidēlis -e,faithful,Adjective: 3rd Declension,Personality Traits/Characteristics
980,indicō -āre,"point out, show, make known",Verb: 1st Conjugation,Speech/Oratory
981,hodiē,today,Adverb,Lengths of Time
982,disciplīna -ae f.,"training, instruction; learning, discipline",Noun: 1st Declension,Education/Knowledge
983,vērē,truly,Adverb,Speech/Oratory
984,aegrē,with difficulty,Adverb,Life and Being
985,fore,,Verb: Irregular,Life and Being
986,advertō -vertere -vertī -versum,turn towards,Verb: 3rd Conjugation -ō,Motion
987,adveniō -īre -vēnī -ventum,"come to, arrive at",Verb: 4th Conjugation,Travel
988,pendō pendere pependī pēnsum,"weigh, hang, suspend; pay",Verb: 3rd Conjugation -ō,Business/Money
989,studeō -ēre -uī,"be eager, be zealous, care for (+ dat.)",Verb: 2nd Conjugation,Emotions
990,ascendō -ere -scendī -scēnsum,"climb up, ascend",Verb: 3rd Conjugation -ō,Travel
991,vulgō,commonly,Adverb,The City
992,breviter,briefly,Adverb,Measurement
993,fors fortis f.,chance,Noun: 3rd Declension,Religion
994,fēlīciter,luckily,Adverb,Personality Traits/Characteristics
995,revertō -vertere -vertī,turn back,Verb: 3rd Conjugation -ō,Motion
996,ēdīcō -dīcere -dīxī -dictum,declare,Verb: 3rd Conjugation -ō,Speech/Oratory
997,mundus -a -um,"clean, neat, elegant",Adjective: 1st and 2nd Declension,Personality Traits/Characteristics
